Workbook

Sheet Evaluador 1
B2: Instituto Tecnológico de Chetumal
B3: Evaluación de exposición oral
B4: Atributo y Criterio: AE4CD2
B6: Proyecto expuesto:
B7: Nombre del expositor: | U7: Num. ctrl.
B8: Asignatura: | U8: Clave
B9: Grupo: | K9: Carrera | U9: Fecha:
B10: Nombre del evaluador: | U10: Firma:
B13: Contenido de la exposición | N13: Características de la presentación
B14: Csc | C14: Factor evaluado | J14: Valor | K14: Calif | L14: Puntos | N14: Csc | O14: Factor evaluado | V14: Valor | W14: Calif | X14: Puntos
B15: 1 | C15: Plateamiento del problema y objetivos | J15: 40 | L15: =ROUND(K15/17*J15,0) -> 0 | N15: 7 | O15: Uso de ejemplos, dibujos o gráficas | V15: 30 | X15: =ROUND(W15/17*V15,0) -> 0
B16: 2 | C16: Descripción de la empresa de ejecución del proyecto | J16: 10 | L16: =ROUND(K16/17*J16,0) -> 0 | N16: 8 | O16: Uso adecuado de frases cortas y simples | V16: 30 | X16: =ROUND(W16/17*V16,0) -> 0
B17: 3 | C17: Justificación | J17: 20 | L17: =ROUND(K17/17*J17,0) -> 0 | N17: 9 | O17: Ortografía | V17: 30 | X17: =ROUND(W17/17*V17,0) -> 0
B18: 4 | C18: Antecedentes y marco teórico | J18: 20 | L18: =ROUND(K18/17*J18,0) -> 0 | N18: 10 | O18: Estética | V18: 60 | X18: =ROUND(W18/17*V18,0) -> 0
B19: 5 | C19: Porcedimiento y actividades realizadas | J19: 20 | L19: =ROUND(K19/17*J19,0) -> 0 | N19: Total | V19: =SUM(V15:V18) -> 150 | W19: =ROUND((W15*V15+W16*V16+W17*V17+W18*V18)/V19, 0) -> 0 | X19: =ROUND(W19/17*V19,0) -> 0
B20: 6 | C20: Resultados y conclusiones | J20: 50 | L20: =ROUND(K20/17*J20,0) -> 0
B21: Total | J21: =SUM(J15:J20) -> 160 | K21: =ROUND((K15*J15+K16*J16+K17*J17+K18*J18+K19*J19+K20*J20)/J21, 0) -> 0 | L21: =ROUND(K21/17*J21,0) -> 0
N22: Cualidades del ponente
B23: Exposición | N23: Csc | O23: Factores evaluados | V23: Valor | W23: Calif | X23: Puntos
B24: Csc | C24: Factor evaluado | J24: Valor | K24: Calif | L24: Puntos | N24: 16 | O24: Dominio de los temas expuestos | V24: 70 | X24: =ROUND(W24/17*V24, 0) -> 0
B25: 11 | C25: Lenguaje apropiado | J25: 70 | L25: =ROUND(K25/17*J25,0) -> 0 | N25: 17 | O25: Respeto | V25: 50 | X25: =ROUND(W25/17*V25, 0) -> 0
B26: 12 | C26: Modulación de la voz | J26: 70 | L26: =ROUND(K26/17*J26,0) -> 0 | N26: 18 | O26: Sencillez en su exposición | V26: 50 | X26: =ROUND(W26/17*V26, 0) -> 0
B27: 13 | C27: Interés despertado en la exposición | J27: 70 | L27: =ROUND(K27/17*J27,0) -> 0 | N27: 19 | O27: Lenguaje corporal | V27: 70 | X27: =ROUND(W27/17*V27, 0) -> 0
B28: 14 | C28: Volumen de la voz | J28: 70 | L28: =ROUND(K28/17*J28,0) -> 0 | N28: 20 | O28: Seguridad al exponer | V28: 50 | X28: =ROUND(W28/17*V28, 0) -> 0
B29: 15 | C29: Entendimiento de los temas expuestos | J29: 70 | L29: =L30-SUM(L25:L28) -> 0 | N29: 21 | O29: Carisma | V29: 50 | X29: =X30-SUM(X24:X28) -> 0
B30: Total | J30: =SUM(J25:J29) -> 350 | K30: =ROUND((K25*J25+K26*J26+K27*J27+K28*J28+K29*J29)/J30, 0) -> 0 | L30: =ROUND(K30/17*J30,0) -> 0 | N30: Total | V30: =SUM(V24:V29) -> 340 | W30: =ROUND((W24*V24+W25*V25+W26*V26+W27*V27+W28*V28+W29*V29)/V30, 0) -> 0 | X30: =ROUND(W30/17*V30,0) -> 0
B34: Calificaciones globales | J34: Valor | K34: Puntos | L34: Calif | M34: Escala
J35: =SUM(J30,V30,V19,J21) -> 1000 | K35: =X30+L30+X19+L21 -> 0 | L35: =ROUND(K35/10, 0) -> 0 | M35: =ROUND(K35/J35*17,0) -> 0

Sheet Evaluador 2
B2: Instituto Tecnológico de Chetumal
B3: Evaluación de exposición oral
B4: Atributo y Criterio: AE4CD2
B6: Proyecto expuesto: | G6: =_xlfn.CONCAT('Evaluador 1'!G6:X6, "")
B7: Nombre del expositor: | G7: =_xlfn.CONCAT('Evaluador 1'!G7:S7, "") | U7: Num. ctrl. | W7: =_xlfn.CONCAT('Evaluador 1'!W7:X7, "")
B8: Asignatura: | G8: =_xlfn.CONCAT('Evaluador 1'!G8:S8, "") | U8: Clave | W8: =_xlfn.CONCAT('Evaluador 1'!W8:X8, "")
B9: Grupo: | G9: =_xlfn.CONCAT('Evaluador 1'!G9:I9, "") | K9: Carrera | L9: =_xlfn.CONCAT('Evaluador 1'!L9:S9, "") | U9: Fecha: | W9: =_xlfn.CONCAT('Evaluador 1'!W9:X9,"")
B10: Nombre del evaluador: | U10: Firma:
B13: Contenido de la exposición | N13: Características de la presentación
B14: Csc | C14: Factor evaluado | J14: Valor | K14: Calif | L14: Puntos | N14: Csc | O14: Factor evaluado | V14: Valor | W14: Calif | X14: Puntos
B15: 1 | C15: Plateamiento del problema y objetivos | J15: 40 | L15: =ROUND(K15/17*J15,0) -> 0 | N15: 7 | O15: Uso de ejemplos, dibujos o gráficas | V15: 30 | X15: =ROUND(W15/17*V15,0) -> 0
B16: 2 | C16: Descripción de la empresa de ejecución del proyecto | J16: 10 | L16: =ROUND(K16/17*J16,0) -> 0 | N16: 8 | O16: Uso adecuado de frases cortas y simples | V16: 30 | X16: =ROUND(W16/17*V16,0) -> 0
B17: 3 | C17: Justificación | J17: 20 | L17: =ROUND(K17/17*J17,0) -> 0 | N17: 9 | O17: Ortografía | V17: 30 | X17: =ROUND(W17/17*V17,0) -> 0
B18: 4 | C18: Antecedentes y marco teórico | J18: 20 | L18: =ROUND(K18/17*J18,0) -> 0 | N18: 10 | O18: Estética | V18: 60 | X18: =ROUND(W18/17*V18,0) -> 0
B19: 5 | C19: Porcedimiento y actividades realizadas | J19: 20 | L19: =ROUND(K19/17*J19,0) -> 0 | N19: Total | V19: =SUM(V15:V18) -> 150 | W19: =ROUND((W15*V15+W16*V16+W17*V17+W18*V18)/V19, 0) -> 0 | X19: =ROUND(W19/17*V19,0) -> 0
B20: 6 | C20: Resultados y conclusiones | J20: 50 | L20: =ROUND(K20/17*J20,0) -> 0
B21: Total | J21: =SUM(J15:J20) -> 160 | K21: =ROUND((K15*J15+K16*J16+K17*J17+K18*J18+K19*J19+K20*J20)/J21, 0) -> 0 | L21: =ROUND(K21/17*J21,0) -> 0
N22: Cualidades del ponente
B23: Exposición | N23: Csc | O23: Factores evaluados | V23: Valor | W23: Calif | X23: Puntos
B24: Csc | C24: Factor evaluado | J24: Valor | K24: Calif | L24: Puntos | N24: 16 | O24: Dominio de los temas expuestos | V24: 70 | X24: =ROUND(W24/17*V24, 0) -> 0
B25: 11 | C25: Lenguaje apropiado | J25: 70 | L25: =ROUND(K25/17*J25,0) -> 0 | N25: 17 | O25: Respeto | V25: 50 | X25: =ROUND(W25/17*V25, 0) -> 0
B26: 12 | C26: Modulación de la voz | J26: 70 | L26: =ROUND(K26/17*J26,0) -> 0 | N26: 18 | O26: Sencillez en su exposición | V26: 50 | X26: =ROUND(W26/17*V26, 0) -> 0
B27: 13 | C27: Interés despertado en la exposición | J27: 70 | L27: =ROUND(K27/17*J27,0) -> 0 | N27: 19 | O27: Lenguaje corporal | V27: 70 | X27: =ROUND(W27/17*V27, 0) -> 0
B28: 14 | C28: Volumen de la voz | J28: 70 | L28: =ROUND(K28/17*J28,0) -> 0 | N28: 20 | O28: Seguridad al exponer | V28: 50 | X28: =ROUND(W28/17*V28, 0) -> 0
B29: 15 | C29: Entendimiento de los temas expuestos | J29: 70 | L29: =L30-SUM(L25:L28) -> 0 | N29: 21 | O29: Carisma | V29: 50 | X29: =X30-SUM(X24:X28) -> 0
B30: Total | J30: =SUM(J25:J29) -> 350 | K30: =ROUND((K25*J25+K26*J26+K27*J27+K28*J28+K29*J29)/J30, 0) -> 0 | L30: =ROUND(K30/17*J30,0) -> 0 | N30: Total | V30: =SUM(V24:V29) -> 340 | W30: =ROUND((W24*V24+W25*V25+W26*V26+W27*V27+W28*V28+W29*V29)/V30, 0) -> 0 | X30: =ROUND(W30/17*V30,0) -> 0
B34: Calificaciones globales | J34: Valor | K34: Puntos | L34: Calif | M34: Escala
J35: =SUM(J30,V30,V19,J21) -> 1000 | K35: =X30+L30+X19+L21 -> 0 | L35: =ROUND(K35/10, 0) -> 0 | M35: =ROUND(K35/J35*17,0) -> 0

Sheet Evaluador 3
B2: Instituto Tecnológico de Chetumal
B3: Evaluación de exposición oral
B4: Atributo y Criterio: AE4CD2
B6: Proyecto expuesto: | G6: =_xlfn.CONCAT('Evaluador 1'!G6:X6, "")
B7: Nombre del expositor: | G7: =_xlfn.CONCAT('Evaluador 1'!G7:S7, "") | U7: Num. ctrl. | W7: =_xlfn.CONCAT('Evaluador 1'!W7:X7, "")
B8: Asignatura: | G8: =_xlfn.CONCAT('Evaluador 1'!G8:S8, "") | U8: Clave | W8: =_xlfn.CONCAT('Evaluador 1'!W8:X8, "")
B9: Grupo: | G9: =_xlfn.CONCAT('Evaluador 1'!G9:I9, "") | K9: Carrera | L9: =_xlfn.CONCAT('Evaluador 1'!L9:S9, "") | U9: Fecha: | W9: =_xlfn.CONCAT('Evaluador 1'!W9:X9,"")
B10: Nombre del evaluador: | U10: Firma:
B13: Contenido de la exposición | N13: Características de la presentación
B14: Csc | C14: Factor evaluado | J14: Valor | K14: Calif | L14: Puntos | N14: Csc | O14: Factor evaluado | V14: Valor | W14: Calif | X14: Puntos
B15: 1 | C15: Plateamiento del problema y objetivos | J15: 40 | L15: =ROUND(K15/17*J15,0) -> 0 | N15: 7 | O15: Uso de ejemplos, dibujos o gráficas | V15: 30 | X15: =ROUND(W15/17*V15,0) -> 0
B16: 2 | C16: Descripción de la empresa de ejecución del proyecto | J16: 10 | L16: =ROUND(K16/17*J16,0) -> 0 | N16: 8 | O16: Uso adecuado de frases cortas y simples | V16: 30 | X16: =ROUND(W16/17*V16,0) -> 0
B17: 3 | C17: Justificación | J17: 20 | L17: =ROUND(K17/17*J17,0) -> 0 | N17: 9 | O17: Ortografía | V17: 30 | X17: =ROUND(W17/17*V17,0) -> 0
B18: 4 | C18: Antecedentes y marco teórico | J18: 20 | L18: =ROUND(K18/17*J18,0) -> 0 | N18: 10 | O18: Estética | V18: 60 | X18: =ROUND(W18/17*V18,0) -> 0
B19: 5 | C19: Porcedimiento y actividades realizadas | J19: 20 | L19: =ROUND(K19/17*J19,0) -> 0 | N19: Total | V19: =SUM(V15:V18) -> 150 | W19: =ROUND((W15*V15+W16*V16+W17*V17+W18*V18)/V19, 0) -> 0 | X19: =ROUND(W19/17*V19,0) -> 0
B20: 6 | C20: Resultados y conclusiones | J20: 50 | L20: =ROUND(K20/17*J20,0) -> 0
B21: Total | J21: =SUM(J15:J20) -> 160 | K21: =ROUND((K15*J15+K16*J16+K17*J17+K18*J18+K19*J19+K20*J20)/J21, 0) -> 0 | L21: =ROUND(K21/17*J21,0) -> 0
N22: Cualidades del ponente
B23: Exposición | N23: Csc | O23: Factores evaluados | V23: Valor | W23: Calif | X23: Puntos
B24: Csc | C24: Factor evaluado | J24: Valor | K24: Calif | L24: Puntos | N24: 16 | O24: Dominio de los temas expuestos | V24: 70 | X24: =ROUND(W24/17*V24, 0) -> 0
B25: 11 | C25: Lenguaje apropiado | J25: 70 | L25: =ROUND(K25/17*J25,0) -> 0 | N25: 17 | O25: Respeto | V25: 50 | X25: =ROUND(W25/17*V25, 0) -> 0
B26: 12 | C26: Modulación de la voz | J26: 70 | L26: =ROUND(K26/17*J26,0) -> 0 | N26: 18 | O26: Sencillez en su exposición | V26: 50 | X26: =ROUND(W26/17*V26, 0) -> 0
B27: 13 | C27: Interés despertado en la exposición | J27: 70 | L27: =ROUND(K27/17*J27,0) -> 0 | N27: 19 | O27: Lenguaje corporal | V27: 70 | X27: =ROUND(W27/17*V27, 0) -> 0
B28: 14 | C28: Volumen de la voz | J28: 70 | L28: =ROUND(K28/17*J28,0) -> 0 | N28: 20 | O28: Seguridad al exponer | V28: 50 | X28: =ROUND(W28/17*V28, 0) -> 0
B29: 15 | C29: Entendimiento de los temas expuestos | J29: 70 | L29: =L30-SUM(L25:L28) -> 0 | N29: 21 | O29: Carisma | V29: 50 | X29: =X30-SUM(X24:X28) -> 0
B30: Total | J30: =SUM(J25:J29) -> 350 | K30: =ROUND((K25*J25+K26*J26+K27*J27+K28*J28+K29*J29)/J30, 0) -> 0 | L30: =ROUND(K30/17*J30,0) -> 0 | N30: Total | V30: =SUM(V24:V29) -> 340 | W30: =ROUND((W24*V24+W25*V25+W26*V26+W27*V27+W28*V28+W29*V29)/V30, 0) -> 0 | X30: =ROUND(W30/17*V30,0) -> 0
B34: Calificaciones globales | J34: Valor | K34: Puntos | L34: Calif | M34: Escala
J35: =SUM(J30,V30,V19,J21) -> 1000 | K35: =X30+L30+X19+L21 -> 0 | L35: =ROUND(K35/10, 0) -> 0 | M35: =ROUND(K35/J35*17,0) -> 0

Sheet Promedio
B2: Instituto Tecnológico de Chetumal
B3: Evaluación de exposición oral
B4: Atributo y Criterio: AE4CD2
B6: Proyecto expuesto: | G6: =_xlfn.CONCAT('Evaluador 1'!G6:X6,"")
B7: Nombre del expositor: | G7: =_xlfn.CONCAT('Evaluador 1'!G7:S7,"") | U7: Num. ctrl. | W7: =_xlfn.CONCAT('Evaluador 1'!W7:X7,"")
B8: Asignatura: | G8: =_xlfn.CONCAT('Evaluador 1'!G8:S8,"") | U8: Clave | W8: =_xlfn.CONCAT('Evaluador 1'!W8:X8,"")
B9: Grupo: | G9: =_xlfn.CONCAT('Evaluador 1'!G9:I9,"") | K9: Carrera | L9: =_xlfn.CONCAT('Evaluador 1'!L9:S9,"") | U9: Fecha: | W9: =_xlfn.CONCAT('Evaluador 1'!W9:X9,"")
B10: Nombre del evaluador: | G10: Promedio general | U10: Firma:
B13: Contenido de la exposición | N13: Características de la presentación
B14: Csc | C14: Factor evaluado | J14: Valor | K14: Calif | L14: Puntos | N14: Csc | O14: Factor evaluado | V14: Valor | W14: Calif | X14: Puntos
B15: 1 | C15: Plateamiento del problema y objetivos | J15: 40 | K15: =ROUND(AVERAGE('Evaluador 1'!K15), 0) -> #DIV/0! | L15: =ROUND(K15/17*J15,0) -> #DIV/0! | N15: 7 | O15: Uso de ejemplos, dibujos o gráficas | V15: 30 | W15: =ROUND(AVERAGE('Evaluador 1'!W15), 0) -> #DIV/0! | X15: =ROUND(W15/17*V15,0) -> #DIV/0!
B16: 2 | C16: Descripción de la empresa de ejecución del proyecto | J16: 10 | K16: =ROUND(AVERAGE('Evaluador 1'!K16), 0) -> #DIV/0! | L16: =ROUND(K16/17*J16,0) -> #DIV/0! | N16: 8 | O16: Uso adecuado de frases cortas y simples | V16: 30 | W16: =ROUND(AVERAGE('Evaluador 1'!W16), 0) -> #DIV/0! | X16: =ROUND(W16/17*V16,0) -> #DIV/0!
B17: 3 | C17: Justificación | J17: 20 | K17: =ROUND(AVERAGE('Evaluador 1'!K17), 0) -> #DIV/0! | L17: =ROUND(K17/17*J17,0) -> #DIV/0! | N17: 9 | O17: Ortografía | V17: 30 | W17: =ROUND(AVERAGE('Evaluador 1'!W17), 0) -> #DIV/0! | X17: =ROUND(W17/17*V17,0) -> #DIV/0!
B18: 4 | C18: Antecedentes y marco teórico | J18: 20 | K18: =ROUND(AVERAGE('Evaluador 1'!K18), 0) -> #DIV/0! | L18: =ROUND(K18/17*J18,0) -> #DIV/0! | N18: 10 | O18: Estética | V18: 60 | W18: =ROUND(AVERAGE('Evaluador 1'!W18), 0) -> #DIV/0! | X18: =ROUND(W18/17*V18,0) -> #DIV/0!
B19: 5 | C19: Metodología | J19: 20 | K19: =ROUND(AVERAGE('Evaluador 1'!K19), 0) -> #DIV/0! | L19: =ROUND(K19/17*J19,0) -> #DIV/0! | N19: Total | V19: =SUM(V15:V18) -> 150 | W19: =ROUND((W15*V15+W16*V16+W17*V17+W18*V18)/V19, 0) -> #DIV/0! | X19: =ROUND(W19/17*V19,0) -> #DIV/0!
B20: 6 | C20: Resultados, competencias alcanzadas y conclusiones | J20: 50 | K20: =ROUND(AVERAGE('Evaluador 1'!K20), 0) -> #DIV/0! | L20: =ROUND(K20/17*J20,0) -> #DIV/0!
B21: Total | J21: =SUM(J15:J20) -> 160 | K21: =ROUND((K15*J15+K16*J16+K17*J17+K18*J18+K19*J19+K20*J20)/J21, 0) -> #DIV/0! | L21: =ROUND(K21/17*J21,0) -> #DIV/0!
N22: Cualidades del ponente
B23: Exposición | N23: Csc | O23: Factores evaluados | V23: Valor | W23: Calif | X23: Puntos
B24: Csc | C24: Factor evaluado | J24: Valor | K24: Calif | L24: Puntos | N24: 16 | O24: Dominio de los temas expuestos | V24: 70 | W24: =ROUND(AVERAGE('Evaluador 1'!W24), 0) -> #DIV/0! | X24: =ROUND(W24/17*V24, 0) -> #DIV/0!
B25: 11 | C25: Lenguaje apropiado | J25: 70 | K25: =ROUND(AVERAGE('Evaluador 1'!K25), 0) -> #DIV/0! | L25: =ROUND(K25/17*J25,0) -> #DIV/0! | N25: 17 | O25: Respeto | V25: 50 | W25: =ROUND(AVERAGE('Evaluador 1'!W25), 0) -> #DIV/0! | X25: =ROUND(W25/17*V25, 0) -> #DIV/0!
B26: 12 | C26: Modulación de la voz | J26: 70 | K26: =ROUND(AVERAGE('Evaluador 1'!K26), 0) -> #DIV/0! | L26: =ROUND(K26/17*J26,0) -> #DIV/0! | N26: 18 | O26: Sencillez en su exposición | V26: 50 | W26: =ROUND(AVERAGE('Evaluador 1'!W26), 0) -> #DIV/0! | X26: =ROUND(W26/17*V26, 0) -> #DIV/0!
B27: 13 | C27: Interés despertado en la exposición | J27: 70 | K27: =ROUND(AVERAGE('Evaluador 1'!K27), 0) -> #DIV/0! | L27: =ROUND(K27/17*J27,0) -> #DIV/0! | N27: 19 | O27: Lenguaje corporal | V27: 70 | W27: =ROUND(AVERAGE('Evaluador 1'!W27), 0) -> #DIV/0! | X27: =ROUND(W27/17*V27, 0) -> #DIV/0!
B28: 14 | C28: Volumen de la voz | J28: 70 | K28: =ROUND(AVERAGE('Evaluador 1'!K28), 0) -> #DIV/0! | L28: =ROUND(K28/17*J28,0) -> #DIV/0! | N28: 20 | O28: Seguridad al exponer | V28: 50 | W28: =ROUND(AVERAGE('Evaluador 1'!W28), 0) -> #DIV/0! | X28: =ROUND(W28/17*V28, 0) -> #DIV/0!
B29: 15 | C29: Entendimiento de los temas expuestos | J29: 70 | K29: =ROUND(AVERAGE('Evaluador 1'!K29), 0) -> #DIV/0! | L29: =L30-SUM(L25:L28) -> #DIV/0! | N29: 21 | O29: Carisma | V29: 50 | W29: =ROUND(AVERAGE('Evaluador 1'!W29), 0) -> #DIV/0! | X29: =X30-SUM(X24:X28) -> #DIV/0!
B30: Total | J30: =SUM(J25:J29) -> 350 | K30: =ROUND((K25*J25+K26*J26+K27*J27+K28*J28+K29*J29)/J30, 0) -> #DIV/0! | L30: =ROUND(K30/17*J30,0) -> #DIV/0! | N30: Total | V30: =SUM(V24:V29) -> 340 | W30: =ROUND((W24*V24+W25*V25+W26*V26+W27*V27+W28*V28+W29*V29)/V30, 0) -> #DIV/0! | X30: =ROUND(W30/17*V30,0) -> #DIV/0!
B34: Calificaciones globales | J34: Valor | K34: Puntos | L34: Calif | M34: Escala
J35: =SUM(J30,V30,V19,J21) -> 1000 | K35: =X30+L30+X19+L21 -> #DIV/0! | L35: =ROUND(K35/10, 0) -> #DIV/0! | M35: =ROUND(K35/J35*17,0) -> #DIV/0!
